VSO Amount,Days Until Unlock,Date of Unlock,Withdrawal Address,Internal or External
250000,0,10/17/2021,0x0A5E7C50eA6BB695F234e75D97D3381592B59C9F,External
250000,0,10/17/2021,0x0A5E7C50eA6BB695F234e75D97D3381592B59C9F,External
250000,0,10/17/2021,0x0A5E7C50eA6BB695F234e75D97D3381592B59C9F,External
250000,0,10/17/2021,0x0A5E7C50eA6BB695F234e75D97D3381592B59C9F,External
916666,0,10/17/2021,0x308D2Ac1Bab7D0211717F969602fBC26D286555A,Internal
916666,0,10/17/2021,0x308D2Ac1Bab7D0211717F969602fBC26D286555A,Internal
916666,0,10/17/2021,0x308D2Ac1Bab7D0211717F969602fBC26D286555A,Internal
916666,0,10/17/2021,0x308D2Ac1Bab7D0211717F969602fBC26D286555A,Internal
208333,0,10/17/2021,0x0A5E7C50eA6BB695F234e75D97D3381592B59C9F,Internal
208333,0,10/17/2021,0x0A5E7C50eA6BB695F234e75D97D3381592B59C9F,Internal
208333,0,10/17/2021,0x0A5E7C50eA6BB695F234e75D97D3381592B59C9F,Internal
208333,0,10/17/2021,0x0A5E7C50eA6BB695F234e75D97D3381592B59C9F,Internal
1,0,10/17/2021,0xaE778784228B799fa9560ea24fDcda6795205F27,External
1,0,10/17/2021,0x906935f4b42e632137504C0ea00D43C6442272bf,Unknown
208333,0,10/17/2021,0xaE778784228B799fa9560ea24fDcda6795205F27,External
208333,0,10/17/2021,0xaE778784228B799fa9560ea24fDcda6795205F27,External
208333,0,10/17/2021,0xaE778784228B799fa9560ea24fDcda6795205F27,External
208333,0,10/17/2021,0xaE778784228B799fa9560ea24fDcda6795205F27,External
10400000,0,10/17/2021,0x308D2Ac1Bab7D0211717F969602fBC26D286555A,Internal
33333,0,10/17/2021,0xb1bE473297660fCb4a3A92201b3E6BF788B0Ba61,Unknown
33333,0,10/17/2021,0xb1bE473297660fCb4a3A92201b3E6BF788B0Ba61,Unknown
33333,0,10/17/2021,0xb1bE473297660fCb4a3A92201b3E6BF788B0Ba61,Unknown
33333,0,10/17/2021,0xb1bE473297660fCb4a3A92201b3E6BF788B0Ba61,Unknown
170833,14,10/31/2021,0x308D2Ac1Bab7D0211717F969602fBC26D286555A,Internal
16666,14,10/31/2021,0x0fecA26DF57fA876EFd8Afd57DA52B94a04bb489,External
12500,14,10/31/2021,0xD55A5d574842E4aFff7470A60AF8343672cE6687,External
8333,14,10/31/2021,0x1f4EB1a3C7A5777b1211F760D106734159F50ACB,External
208333,14,10/31/2021,0x0A5E7C50eA6BB695F234e75D97D3381592B59C9F,External
250000,14,10/31/2021,0x0A5E7C50eA6BB695F234e75D97D3381592B59C9F,External
916666,14,10/31/2021,0x308D2Ac1Bab7D0211717F969602fBC26D286555A,Internal
208333,14,10/31/2021,0x0A5E7C50eA6BB695F234e75D97D3381592B59C9F,Internal
158333,15,11/1/2021,0xaE778784228B799fa9560ea24fDcda6795205F27,External
791666,15,11/1/2021,0x308D2Ac1Bab7D0211717F969602fBC26D286555A,Internal
33333,15,11/1/2021,0x9e430dC2eDB9992E5d3917c661a4086FD77A1450,Unknown
20833,15,11/1/2021,0xaE778784228B799fa9560ea24fDcda6795205F27,External
170833,44,11/30/2021,0x308D2Ac1Bab7D0211717F969602fBC26D286555A,Internal
16666,44,11/30/2021,0x0fecA26DF57fA876EFd8Afd57DA52B94a04bb489,External
12500,44,11/30/2021,0xD55A5d574842E4aFff7470A60AF8343672cE6687,External
8333,44,11/30/2021,0x1f4EB1a3C7A5777b1211F760D106734159F50ACB,External
208333,44,11/30/2021,0x0A5E7C50eA6BB695F234e75D97D3381592B59C9F,External
250000,44,11/30/2021,0x0A5E7C50eA6BB695F234e75D97D3381592B59C9F,External
916666,44,11/30/2021,0x308D2Ac1Bab7D0211717F969602fBC26D286555A,Internal
208333,44,11/30/2021,0x0A5E7C50eA6BB695F234e75D97D3381592B59C9F,Internal
158333,45,12/1/2021,0xaE778784228B799fa9560ea24fDcda6795205F27,External
791666,45,12/1/2021,0x308D2Ac1Bab7D0211717F969602fBC26D286555A,Internal
33333,45,12/1/2021,0x9e430dC2eDB9992E5d3917c661a4086FD77A1450,Unknown
170833,75,12/31/2021,0x308D2Ac1Bab7D0211717F969602fBC26D286555A,Internal
16666,75,12/31/2021,0x0fecA26DF57fA876EFd8Afd57DA52B94a04bb489,External
12500,75,12/31/2021,0xD55A5d574842E4aFff7470A60AF8343672cE6687,External
8333,75,12/31/2021,0x1f4EB1a3C7A5777b1211F760D106734159F50ACB,External
208333,75,12/31/2021,0x0A5E7C50eA6BB695F234e75D97D3381592B59C9F,External
250000,75,12/31/2021,0x0A5E7C50eA6BB695F234e75D97D3381592B59C9F,External
916666,75,12/31/2021,0x308D2Ac1Bab7D0211717F969602fBC26D286555A,Internal
208333,75,12/31/2021,0x0A5E7C50eA6BB695F234e75D97D3381592B59C9F,Internal
158333,76,1/1/2022,0xaE778784228B799fa9560ea24fDcda6795205F27,External
791666,76,1/1/2022,0x308D2Ac1Bab7D0211717F969602fBC26D286555A,Internal
33333,76,1/1/2022,0x9e430dC2eDB9992E5d3917c661a4086FD77A1450,Unknown
170833,106,1/31/2022,0x308D2Ac1Bab7D0211717F969602fBC26D286555A,Internal
16666,106,1/31/2022,0x0fecA26DF57fA876EFd8Afd57DA52B94a04bb489,External
12500,106,1/31/2022,0xD55A5d574842E4aFff7470A60AF8343672cE6687,External
8333,106,1/31/2022,0x1f4EB1a3C7A5777b1211F760D106734159F50ACB,External
208333,106,1/31/2022,0x0A5E7C50eA6BB695F234e75D97D3381592B59C9F,External
250000,106,1/31/2022,0x0A5E7C50eA6BB695F234e75D97D3381592B59C9F,External
916666,106,1/31/2022,0x308D2Ac1Bab7D0211717F969602fBC26D286555A,Internal
208333,106,1/31/2022,0x0A5E7C50eA6BB695F234e75D97D3381592B59C9F,Internal
158333,107,2/1/2022,0xaE778784228B799fa9560ea24fDcda6795205F27,External
791666,107,2/1/2022,0x308D2Ac1Bab7D0211717F969602fBC26D286555A,Internal
33333,107,2/1/2022,0x9e430dC2eDB9992E5d3917c661a4086FD77A1450,Unknown
170833,134,2/28/2022,0x308D2Ac1Bab7D0211717F969602fBC26D286555A,Internal
16666,134,2/28/2022,0x0fecA26DF57fA876EFd8Afd57DA52B94a04bb489,External
12500,134,2/28/2022,0xD55A5d574842E4aFff7470A60AF8343672cE6687,External
8333,134,2/28/2022,0x1f4EB1a3C7A5777b1211F760D106734159F50ACB,External
208333,134,2/28/2022,0x0A5E7C50eA6BB695F234e75D97D3381592B59C9F,External
250000,134,2/28/2022,0x0A5E7C50eA6BB695F234e75D97D3381592B59C9F,External
916666,134,2/28/2022,0x308D2Ac1Bab7D0211717F969602fBC26D286555A,Internal
208333,134,2/28/2022,0x0A5E7C50eA6BB695F234e75D97D3381592B59C9F,Internal
158333,135,3/1/2022,0xaE778784228B799fa9560ea24fDcda6795205F27,External
791666,135,3/1/2022,0x308D2Ac1Bab7D0211717F969602fBC26D286555A,Internal
33333,135,3/1/2022,0x9e430dC2eDB9992E5d3917c661a4086FD77A1450,Unknown
170833,165,3/31/2022,0x308D2Ac1Bab7D0211717F969602fBC26D286555A,Internal
16666,165,3/31/2022,0x0fecA26DF57fA876EFd8Afd57DA52B94a04bb489,External
12500,165,3/31/2022,0xD55A5d574842E4aFff7470A60AF8343672cE6687,External
8333,165,3/31/2022,0x1f4EB1a3C7A5777b1211F760D106734159F50ACB,External
208333,165,3/31/2022,0x0A5E7C50eA6BB695F234e75D97D3381592B59C9F,External
250000,165,3/31/2022,0x0A5E7C50eA6BB695F234e75D97D3381592B59C9F,External
916666,165,3/31/2022,0x308D2Ac1Bab7D0211717F969602fBC26D286555A,Internal
208333,165,3/31/2022,0x0A5E7C50eA6BB695F234e75D97D3381592B59C9F,Internal
158333,166,4/1/2022,0xaE778784228B799fa9560ea24fDcda6795205F27,External
791666,166,4/1/2022,0x308D2Ac1Bab7D0211717F969602fBC26D286555A,Internal
33333,166,4/1/2022,0x9e430dC2eDB9992E5d3917c661a4086FD77A1450,Unknown
170833,195,4/30/2022,0x308D2Ac1Bab7D0211717F969602fBC26D286555A,Internal
16666,195,4/30/2022,0x0fecA26DF57fA876EFd8Afd57DA52B94a04bb489,External
12500,195,4/30/2022,0xD55A5d574842E4aFff7470A60AF8343672cE6687,External
8333,195,4/30/2022,0x1f4EB1a3C7A5777b1211F760D106734159F50ACB,External
208333,195,4/30/2022,0x0A5E7C50eA6BB695F234e75D97D3381592B59C9F,External
250000,195,4/30/2022,0x0A5E7C50eA6BB695F234e75D97D3381592B59C9F,External
916666,195,4/30/2022,0x308D2Ac1Bab7D0211717F969602fBC26D286555A,Internal
208333,195,4/30/2022,0x0A5E7C50eA6BB695F234e75D97D3381592B59C9F,Internal
158333,196,5/1/2022,0xaE778784228B799fa9560ea24fDcda6795205F27,External
791666,196,5/1/2022,0x308D2Ac1Bab7D0211717F969602fBC26D286555A,Internal
33333,196,5/1/2022,0x9e430dC2eDB9992E5d3917c661a4086FD77A1450,Unknown
170833,226,5/31/2022,0x308D2Ac1Bab7D0211717F969602fBC26D286555A,Internal
16666,226,5/31/2022,0x0fecA26DF57fA876EFd8Afd57DA52B94a04bb489,External
12500,226,5/31/2022,0xD55A5d574842E4aFff7470A60AF8343672cE6687,External
8333,226,5/31/2022,0x1f4EB1a3C7A5777b1211F760D106734159F50ACB,External
208333,226,5/31/2022,0x0A5E7C50eA6BB695F234e75D97D3381592B59C9F,External
250000,226,5/31/2022,0x0A5E7C50eA6BB695F234e75D97D3381592B59C9F,External
916666,226,5/31/2022,0x308D2Ac1Bab7D0211717F969602fBC26D286555A,Internal
208333,226,5/31/2022,0x0A5E7C50eA6BB695F234e75D97D3381592B59C9F,Internal
158333,227,6/1/2022,0xaE778784228B799fa9560ea24fDcda6795205F27,External
3958338,227,6/1/2022,0x308D2Ac1Bab7D0211717F969602fBC26D286555A,Internal
33335,227,6/1/2022,0x9e430dC2eDB9992E5d3917c661a4086FD77A1450,Unknown
170833,256,6/30/2022,0x308D2Ac1Bab7D0211717F969602fBC26D286555A,Internal
16666,256,6/30/2022,0x0fecA26DF57fA876EFd8Afd57DA52B94a04bb489,External
12500,256,6/30/2022,0xD55A5d574842E4aFff7470A60AF8343672cE6687,External
8333,256,6/30/2022,0x1f4EB1a3C7A5777b1211F760D106734159F50ACB,External
208333,256,6/30/2022,0x0A5E7C50eA6BB695F234e75D97D3381592B59C9F,External
170833,287,7/31/2022,0x308D2Ac1Bab7D0211717F969602fBC26D286555A,Internal
16666,287,7/31/2022,0x0fecA26DF57fA876EFd8Afd57DA52B94a04bb489,External
12500,287,7/31/2022,0xD55A5d574842E4aFff7470A60AF8343672cE6687,External
8333,287,7/31/2022,0x1f4EB1a3C7A5777b1211F760D106734159F50ACB,External
208333,287,7/31/2022,0x0A5E7C50eA6BB695F234e75D97D3381592B59C9F,External
170833,318,8/31/2022,0x308D2Ac1Bab7D0211717F969602fBC26D286555A,Internal
16666,318,8/31/2022,0x0fecA26DF57fA876EFd8Afd57DA52B94a04bb489,External
12500,318,8/31/2022,0xD55A5d574842E4aFff7470A60AF8343672cE6687,External
8333,318,8/31/2022,0x1f4EB1a3C7A5777b1211F760D106734159F50ACB,External
208333,318,8/31/2022,0x0A5E7C50eA6BB695F234e75D97D3381592B59C9F,External
170833,348,9/30/2022,0x308D2Ac1Bab7D0211717F969602fBC26D286555A,Internal
16666,348,9/30/2022,0x0fecA26DF57fA876EFd8Afd57DA52B94a04bb489,External
12500,348,9/30/2022,0xD55A5d574842E4aFff7470A60AF8343672cE6687,External
8333,348,9/30/2022,0x1f4EB1a3C7A5777b1211F760D106734159F50ACB,External
208333,348,9/30/2022,0x0A5E7C50eA6BB695F234e75D97D3381592B59C9F,External
